b;b;b;b;b;b;b;b;b;b;b;b;b;b;b;b;b;b;b;b;b;b;b;b;b;b;b;b;b;b
b;b;b;b;b;b;b;b;b;b;b;b;b;b;b;b;b;b;b;b;b;b;b;b;b;b;b;b;b;b
b;b;b;b;b;b;b;b;b;b;b;b;b;b;b;b;b;b;b;b;b;b;b;b;b;b;b;b;b;b
b;b;b;b;b;b;b;b;b;b;b;b;b;b;b;b;b;b;b;b;b;b;b;b;b;b;b;b;b;b
b;b;b;b;b;b;b;b;b;b;b;b;b;b;b;b;b;b;b;b;b;b;b;b;b;b;b;b;b;b
b;b;b;b;b;b;b;b;b;b;b;b;b;b;b;b;b;b;b;b;b;b;b;b;b;b;b;b;b;b
b;b;b;b;b;b;b;b;b;b;b;b;b;b;b;b;b;b;b;b;b;b;b;b;b;b;b;b;b;b
b;b;b;b;b;b;b;b;b;b;b;b;b;b;b;b;b;b;b;b;b;b;b;b;b;b;b;b;b;b
b;b;b;b;b;b;b;b;b;b;b;b;b;b;b;b;b;b;b;b;b;b;b;b;b;b;b;b;b;b
b;b;b;b;b;b;b;b;b;b;b;b;b;b;b;b;b;b;b;b;b;b;b;b;b;b;b;b;b;b
p;b;b;b;b;b;b;b;b;b;b;b;b;b;b;b;b;b;b;b;b;b;b;b;b;b;b;b;b;b
t1;t1;t1;t1;t1;t1;t1;t1;t1;t1;t1;t1;t1;t1;t1;t1;t1;t1;t1;t1;t1;t1;t1;t1;t1;t1;t1;t1;t1;t1
